driverId,driverName,driverStandingOverall,driverStandingYearSpecific,bestLapYear,bestLapTime,avgLap2004,avgLap2005,avgLap2006,avgLap2007,avgLap2008,avgLap2009,avgLap2010,avgLap2011,avgLap2012,avgLap2013,avgLap2014,avgLap2015,avgLap2016,avgLap2017,avgLap2018,avgLap2019,avgLap2020,avgLap2021,avgLap2022,constructorName,constructorId2004,constructorId2005,constructorId2006,constructorId2007,constructorId2008,constructorId2009,constructorId2010,constructorId2011,constructorId2012,constructorId2013,constructorId2014,constructorId2015,constructorId2016,constructorId2017,constructorId2018,constructorId2019,constructorId2020,constructorId2021,constructorId2022,driverPoints,driverStanding2022,driverPoints2022,driverStanding2021,driverPoints2021,driverStanding2020,driverPoints2020,driverStanding2019,driverPoints2019,driverStanding2018,driverPoints2018,driverStanding2017,driverPoints2017,driverStanding2016,driverPoints2016,driverStanding2015,driverPoints2015,driverStanding2014,driverPoints2014,driverStanding2013,driverPoints2013,driverStanding2012,driverPoints2012,driverStanding2011,driverPoints2011,driverStanding2010,driverPoints2010,driverStanding2009,driverPoints2009,driverStanding2008,driverPoints2008,driverStanding2007,driverPoints2007,driverStanding2006,driverPoints2006,driverStanding2005,driverPoints2005,driverStanding2004,driverPoints2004
1,Lewis Hamilton,1,1,2020,66.719,,,,85.886,87.981,91.653,93.976,94.839,93.604,94.075,94.853,92.74,92.446,89.263,88.287,87.758,85.754,84.335,86.823,McLaren,,,,1,1,1,1,1,1,131,131,131,131,131,131,131,131,131,131,43897.5,6,240,2,387.5,1,347,1,413,1,408,1,363,2,380,1,381,1,384,4,189,4,190,5,227,4,240,5,49,1,98,2,109,,,,,,
2,Nick Heidfeld,2,1,2003,70.516,85.525,83.659,85.762,86.21,88.278,92.869,99.8,93.43,,,,,,,,,,,,BMW Sauber,17,3,2,2,2,2,15,4,,,,,,,,,,,,2831,,,,,,,,,,,,,,,,,,,,,,,11,34,18,6,13,19,6,60,5,61,9,23,11,28,18,3
3,Nico Rosberg,3,1,2016,68.491,,,87.925,91.089,88.923,92.424,94.509,95.085,94.034,93.981,94.259,92.862,92.476,,,,,,,Williams,,,3,3,3,3,131,131,131,131,131,131,131,,,,,,,16911,,,,,,,,,,,,,1,385,2,322,2,317,6,171,9,93,7,89,7,142,7,34.5,13,17,9,20,17,4,,,,
4,Fernando Alonso,4,1,2021,68.405,83.436,85.111,84.048,85.612,87.693,93.757,93.254,94.316,93.012,93.229,93.756,97.187,93.429,94.511,88.948,,,85.646,88.752,Renault,4,4,4,1,4,4,6,6,6,6,6,1,1,1,1,,,214,214,20006,9,81,10,81,,,,,11,50,15,17,10,54,17,11,6,161,2,242,2,278,4,257,2,252,9,26,5,61,3,109,1,134,1,133,4,59
5,Heikki Kovalainen,5,1,2007,73.998,,,,86.76,88.146,93.067,97.886,98.937,95.907,89.138,,,,,,,,,,McLaren,,,,4,1,1,208,208,207,208,,,,,,,,,,954,,,,,,,,,,,,,,,,,,,,,,,,,20,0,12,22,7,53,7,30,,,,,,
6,Kazuki Nakajima,6,2,2007,73.116,,,,73.116,89.463,93.102,,,,,,,,,,,,,,Williams,,,,3,3,3,,,,,,,,,,,,,,125,,,,,,,,,,,,,,,,,,,,,,,,,,,20,0,15,9,,,,,,,,
7,Sébastien Bourdais,7,1,2008,74.951,,,,,89.914,92.889,,,,,,,,,,,,,,Toro Rosso,,,,,5,5,,,,,,,,,,,,,,78,,,,,,,,,,,,,,,,,,,,,,,,,,,19,2,17,4,,,,,,,,
8,Kimi Räikkönen,8,2,2020,57.375,83.859,84.694,84.57,85.692,87.566,92.61,,,94.355,93.902,94.817,94.848,94.019,88.746,89.204,89.708,85.829,86.821,,Ferrari,1,1,1,6,6,6,,,208,208,6,6,6,6,6,51,51,51,,19070,,,16,10,16,,12,43,3,251,4,205,6,186,4,150,12,55,5,183,3,207,,,,,6,48,3,75,1,110,5,65,2,112,7,45
9,Robert Kubica,9,1,2019,70.964,,,88.135,87.218,88.227,92.547,97.527,,,,,,,,,91.303,,80.645,,BMW Sauber,,,2,2,2,2,4,,,,,,,,,3,,51,,2749,,,21,0,,,19,1,,,,,,,,,,,,,,,,,8,136,14,17,4,75,6,39,16,6,,,,
10,Timo Glock,20,2,2004,73.905,85.451,,,,88.413,93.092,97.546,100.619,96.331,,,,,,,,,,,Toyota,17,,,,7,7,166,166,209,,,,,,,,,,,446,,,,,,,,,,,,,,,,,,,,,20,0,,,,,10,24,10,25,,,,,,,19,2
11,Takuma Sato,18,1,2004,70.727,82.631,86.854,89.465,87.703,92.476,,,,,,,,,,,,,,,Super Aguri,16,16,8,8,8,,,,,,,,,,,,,,,310,,,,,,,,,,,,,,,,,,,,,,,,,,,,,,,17,4,,,,,8,34
12,Nelson Piquet Jr.,14,2,2008,76.91,,,,,90.873,91.268,,,,,,,,,,,,,,Renault,,,,,4,4,,,,,,,,,,,,,,136,,,,,,,,,,,,,,,,,,,,,,,,,,,,,12,19,,,,,,,,
13,Felipe Massa,19,1,2017,68.419,85.233,86.271,83.939,85.75,87.835,91.37,93.754,94.187,94.524,94.403,95.841,94.171,93.676,92.343,,,,,,Ferrari,15,15,6,6,6,6,6,6,6,6,3,3,3,3,,,,,,11150,,,,,,,,,,,11,43,11,53,6,121,7,134,8,112,7,122,6,118,6,144,11,22,2,97,4,94,3,80,13,11,12,12
14,David Coulthard,12,4,2003,69.626,84.382,87.323,88.563,88.071,91.902,,,,,,,,,,,,,,,Red Bull,1,9,9,9,,,,,,,,,,,,,,,,4940,,,,,,,,,,,,,,,,,,,,,,,,,,,,,16,8,10,14,13,14,12,24,10,24
15,Jarno Trulli,10,2,2003,70.358,83.598,86.16,85.321,87.882,92.241,94.824,101.631,98.101,,,,,,,,,,,,Toyota,7,7,7,7,7,7,208,208,,,,,,,,,,,,2598,,,,,,,,,,,,,,,,,,,,,,,,,,,8,32.5,9,31,13,8,12,15,7,43,6,46
16,Adrian Sutil,21,1,2014,73.709,,,,90.962,91.056,95.935,95.26,95.683,,94.363,96.537,,,,,,,,,Force India,,,,12,10,10,10,10,,10,15,,,,,,,,,1286,,,,,,,,,,,,,,,,,18,0,13,29,,,9,42,11,47,17,5,20,0,,19,,,,,,
17,Mark Webber,11,3,2003,68.966,83.105,85.47,86.741,87.262,88.788,92.557,93.888,93.252,94.469,93.806,,,,,,,,,,Red Bull,19,3,3,9,9,9,9,9,9,9,,,,,,,,,,10609,,,,,,,,,,,,,,,,,,,3,199,6,179,3,258,3,242,4,69.5,11,21,12,10,14,7,10,36,13,7
18,Jenson Button,13,5,2003,69.828,84.032,86.72,87.57,90.366,89.305,91.065,96.792,93.268,93.988,94.176,95.212,96.715,93.123,76.912,,,,,,Honda,16,16,11,11,11,23,1,1,1,1,1,1,1,,,,,,,11709,,,,,,,,,,,,,15,21,16,16,8,126,9,73,5,188,2,270,5,214,1,95,18,3,15,6,6,56,9,37,3,85
19,Anthony Davidson,17,3,2007,74.066,,101.47,,89.011,93.453,,,,,,,,,,,,,,,Super Aguri,,,,8,8,,,,,,,,,,,,,,,1,,,,,,,,,,,,,,,,,,,,,,,,,,,,,,,,,,,,,,
20,Sebastian Vettel,22,3,2020,56.905,,,,88.396,88.466,92.245,93.356,92.484,93.876,93.118,96.997,93.207,91.396,90.069,88.301,88.402,86.98,85.962,86.87,Toro Rosso,,,,5,5,9,9,9,9,9,9,6,6,6,6,6,6,117,117,31766,12,37,12,43,13,33,5,240,2,320,2,317,4,212,3,278,5,167,1,397,1,281,1,392,1,256,2,84,8,35,14,6,,,,,,
21,Giancarlo Fisichella,15,6,2003,71.019,84.345,85.863,84.961,88.265,90.958,93.406,,,,,,,,,,,,,,Force India,15,4,4,4,10,6,,,,,,,,,,,,,,2642,,,,,,,,,,,,,,,,,,,,,,,,,,,15,8,19,0,8,21,4,72,5,58,11,22
22,Rubens Barrichello,16,7,2003,68.913,82.951,85.07,85.065,88.246,89.586,92.31,93.473,95.138,,,,,,,,,,,,Honda,6,6,11,11,11,23,3,3,,,,,,,,,,,,5928,,,,,,,,,,,,,,,,,,,,,,,17,4,10,47,3,77,14,11,20,0,7,30,8,38,2,114
23,Ralf Schumacher,74,6,2002,69.862,83.167,85.61,85.219,88.178,,,,,,,,,,,,,,,,Toyota,3,7,7,7,,,,,,,,,,,,,,,,3107,,,,,,,,,,,,,,,,,,,,,,,,,,,,,,,16,5,10,20,6,45,9,24
24,Vitantonio Liuzzi,75,4,2007,73.643,,83.231,85.777,96.028,,93.291,92.465,99.758,,,,,,,,,,,,Toro Rosso,,9,5,5,,10,10,165,,,,,,,,,,,,261,,,,,,,,,,,,,,,,,,,,,,,,,15,21,,,,,18,3,19,1,,,,
25,Alexander Wurz,76,6,2000,73.317,,83.023,,90.471,,,,,,,,,,,,,,,,Williams,,1,,3,,,,,,,,,,,,,,,,503,,,,,,,,,,,,,,,,,,,,,,,,,,,,,,,11,13,,,17,6,,
26,Scott Speed,77,4,2006,73.862,,,86.148,94.416,,,,,,,,,,,,,,,,Toro Rosso,,,5,5,,,,,,,,,,,,,,,,1,,,,,,,,,,,,,,,,,,,,,,,,,,,,,,,,,20,0,,,,
27,Christijan Albers,78,2,2005,73.907,,88.638,86.029,85.67,,,,,,,,,,,,,,,,Spyker,,18,13,12,,,,,,,,,,,,,,,,45,,,,,,,,,,,,,,,,,,,,,,,,,,,,,,,,,,,19,4,,
28,Sakon Yamamoto,79,5,2006,73.379,,,89.941,96.874,,,99.087,,,,,,,,,,,,,Spyker,,,8,12,,,165,,,,,,,,,,,,,1,,,,,,,,,,,,,,,,,,,,,,,,,,,,,,,,,,,,,,
29,Michael Schumacher,65,13,2003,68.337,82.535,84.935,83.898,,,,93.906,95.296,95.159,,,,,,,,,,,Ferrari,6,6,6,,,,131,131,131,,,,,,,,,,,14515,,,,,,,,,,,,,,,,,,,,,13,49,8,76,9,72,,,,,,,2,121,3,62,1,148
30,Juan Pablo Montoya,66,5,2002,69.853,83.45,84.45,85.692,,,,,,,,,,,,,,,,,McLaren,3,1,1,,,,,,,,,,,,,,,,,2761,,,,,,,,,,,,,,,,,,,,,,,,,,,,,,,,,8,26,4,60,5,58
31,Christian Klien,67,7,2004,72.891,86.256,87.53,87.176,,,,100.701,,,,,,,,,,,,,Red Bull,19,9,9,,,,165,,,,,,,,,,,,,119,,,,,,,,,,,,,,,,,,,,,,,,,,,,,,,,,18,2,15,9,16,3
32,Tiago Monteiro,68,1,2005,73.237,,87.35,86.986,,,,,,,,,,,,,,,,,MF1,,17,13,,,,,,,,,,,,,,,,,71,,,,,,,,,,,,,,,,,,,,,,,,,,,,,,,,,,,16,7,,
33,Yuji Ide,70,1,2006,91.032,,,96.476,,,,,,,,,,,,,,,,,Super Aguri,,,8,,,,,,,,,,,,,,,,,1,,,,,,,,,,,,,,,,,,,,,,,,,,,,,,,,,,,,,,
34,Jacques Villeneuve,69,14,2003,69.764,87.483,86.407,83.697,,,,,,,,,,,,,,,,,BMW Sauber,4,15,2,,,,,,,,,,,,,,,,,2084,,,,,,,,,,,,,,,,,,,,,,,,,,,,,,,,,15,7,14,9,,
35,Franck Montagny,71,2,2006,79.104,,,92.283,,,,,,,,,,,,,,,,,Super Aguri,,,8,,,,,,,,,,,,,,,,,1,,,,,,,,,,,,,,,,,,,,,,,,,,,,,,,,,,,,,,
36,Pedro de la Rosa,72,5,2000,73.49,,91.447,85.167,,,,93.592,80.369,98.987,,,,,,,,,,,McLaren,,1,1,,,,15,15,165,,,,,,,,,,,265,,,,,,,,,,,,,,,,,,,,,,,20,0,17,6,,,,,,,11,19,20,4,,
37,Robert Doornbos,73,3,2006,73.7,,91.188,89.533,,,,,,,,,,,,,,,,,Red Bull,,18,9,,,,,,,,,,,,,,,,,1,,,,,,,,,,,,,,,,,,,,,,,,,,,,,,,,,,,,,,
38,Narain Karthikeyan,130,3,2005,73.37,,87.444,,,,,,95.976,98.34,,,,,,,,,,,Jordan,,17,,,,,,165,165,,,,,,,,,,,56,,,,,,,,,,,,,,,,,,,,,,,,,,,,,,,,,,,18,5,,
39,Patrick Friesacher,131,4,2005,74.49,,87.068,,,,,,,,,,,,,,,,,,Minardi,,18,,,,,,,,,,,,,,,,,,34,,,,,,,,,,,,,,,,,,,,,,,,,,,,,,,,,,,,,,
40,Ricardo Zonta,132,7,2000,72.855,88.148,,,,,,,,,,,,,,,,,,,Toyota,7,,,,,,,,,,,,,,,,,,,25,,,,,,,,,,,,,,,,,,,,,,,,,,,,,,,,,,,,,,
41,Antônio Pizzonia,64,12,2003,69.978,86.018,97.921,,,,,,,,,,,,,,,,,,Williams,3,3,,,,,,,,,,,,,,,,,,45,,,,,,,,,,,,,,,,,,,,,,,,,,,,,,,,,,,,,15,6
42,Cristiano da Matta,58,11,2003,70.466,81.501,,,,,,,,,,,,,,,,,,,Toyota,7,,,,,,,,,,,,,,,,,,,105,,,,,,,,,,,,,,,,,,,,,,,,,,,,,,,,,,,,,17,3
43,Olivier Panis,59,3,2004,70.933,85.422,,,,,,,,,,,,,,,,,,,Toyota,7,,,,,,,,,,,,,,,,,,,707,,,,,,,,,,,,,,,,,,,,,,,,,,,,,,,,,,,,,14,6
44,Giorgio Pantano,60,4,2004,76.058,85.205,,,,,,,,,,,,,,,,,,,Jordan,17,,,,,,,,,,,,,,,,,,,1,,,,,,,,,,,,,,,,,,,,,,,,,,,,,,,,,,,,,,
45,Gianmaria Bruni,61,5,2004,74.756,87.101,,,,,,,,,,,,,,,,,,,Minardi,18,,,,,,,,,,,,,,,,,,,1,,,,,,,,,,,,,,,,,,,,,,,,,,,,,,,,,,,,,,
46,Zsolt Baumgartner,62,6,2004,74.097,87.759,,,,,,,,,,,,,,,,,,,Minardi,18,,,,,,,,,,,,,,,,,,,11,,,,,,,,,,,,,,,,,,,,,,,,,,,,,,,,,,,,,20,1
47,Marc Gené,63,4,2000,73.626,78.252,,,,,,,,,,,,,,,,,,,Minardi,3,,,,,,,,,,,,,,,,,,,16,,,,,,,,,,,,,,,,,,,,,,,,,,,,,,,,,,,,,,
48,Heinz-Harald Frentzen,53,4,2002,71.201,,,,,,,,,,,,,,,,,,,,Sauber,,,,,,,,,,,,,,,,,,,,1525,,,,,,,,,,,,,,,,,,,,,,,,,,,,,,,,,,,,,,
49,Jos Verstappen,54,5,2001,72.423,,,,,,,,,,,,,,,,,,,,Minardi,,,,,,,,,,,,,,,,,,,,119,,,,,,,,,,,,,,,,,,,,,,,,,,,,,,,,,,,,,,
50,Justin Wilson,56,9,2003,71.267,,,,,,,,,,,,,,,,,,,,Minardi,,,,,,,,,,,,,,,,,,,,3,,,,,,,,,,,,,,,,,,,,,,,,,,,,,,,,,,,,,,
51,Ralph Firman,55,8,2003,70.659,,,,,,,,,,,,,,,,,,,,Jordan,,,,,,,,,,,,,,,,,,,,13,,,,,,,,,,,,,,,,,,,,,,,,,,,,,,,,,,,,,,
52,Nicolas Kiesa,57,10,2003,74.737,,,,,,,,,,,,,,,,,,,,Minardi,,,,,,,,,,,,,,,,,,,,1,,,,,,,,,,,,,,,,,,,,,,,,,,,,,,,,,,,,,,
53,Jean Alesi,43,10,1997,72.953,,,,,,,,,,,,,,,,,,,,Jordan,,,,,,,,,,,,,,,,,,,,2125,,,,,,,,,,,,,,,,,,,,,,,,,,,,,,,,,,,,,,
54,Eddie Irvine,48,3,2001,72.088,,,,,,,,,,,,,,,,,,,,Jaguar,,,,,,,,,,,,,,,,,,,,1649,,,,,,,,,,,,,,,,,,,,,,,,,,,,,,,,,,,,,,
55,Mika Häkkinen,44,2,2000,71.837,,,,,,,,,,,,,,,,,,,,McLaren,,,,,,,,,,,,,,,,,,,,3330,,,,,,,,,,,,,,,,,,,,,,,,,,,,,,,,,,,,,,
56,Tarso Marques,46,1,2001,75.212,,,,,,,,,,,,,,,,,,,,Minardi,,,,,,,,,,,,,,,,,,,,1,,,,,,,,,,,,,,,,,,,,,,,,,,,,,,,,,,,,,,
57,Enrique Bernoldi,52,4,2001,73.587,,,,,,,,,,,,,,,,,,,,Arrows,,,,,,,,,,,,,,,,,,,,1,,,,,,,,,,,,,,,,,,,,,,,,,,,,,,,,,,,,,,
58,Gastón Mazzacane,45,3,2000,73.733,,,,,,,,,,,,,,,,,,,,Minardi,,,,,,,,,,,,,,,,,,,,1,,,,,,,,,,,,,,,,,,,,,,,,,,,,,,,,,,,,,,
59,Tomáš Enge,47,2,2001,76.155,,,,,,,,,,,,,,,,,,,,Prost,,,,,,,,,,,,,,,,,,,,1,,,,,,,,,,,,,,,,,,,,,,,,,,,,,,,,,,,,,,
60,Alex Yoong,50,2,2002,74.441,,,,,,,,,,,,,,,,,,,,Minardi,,,,,,,,,,,,,,,,,,,,1,,,,,,,,,,,,,,,,,,,,,,,,,,,,,,,,,,,,,,
61,Mika Salo,49,1,2002,71.591,,,,,,,,,,,,,,,,,,,,Toyota,,,,,,,,,,,,,,,,,,,,293,,,,,,,,,,,,,,,,,,,,,,,,,,,,,,,,,,,,,,
62,Pedro Diniz,23,1,2000,72.955,,,,,,,,,,,,,,,,,,,,Sauber,,,,,,,,,,,,,,,,,,,,67,,,,,,,,,,,,,,,,,,,,,,,,,,,,,,,,,,,,,,
63,Johnny Herbert,24,1,1997,72.574,,,,,,,,,,,,,,,,,,,,Jaguar,,,,,,,,,,,,,,,,,,,,877,,,,,,,,,,,,,,,,,,,,,,,,,,,,,,,,,,,,,,
64,Allan McNish,51,3,2002,71.456,,,,,,,,,,,,,,,,,,,,Toyota,,,,,,,,,,,,,,,,,,,,1,,,,,,,,,,,,,,,,,,,,,,,,,,,,,,,,,,,,,,
65,Sébastien Buemi,33,1,2009,74.563,,,,,,93.979,95.443,95.706,,,,,,,,,,,,Toro Rosso,,,,,,5,5,5,,,,,,,,,,,,329,,,,,,,,,,,,,,,,,,,,,,,15,15,16,8,16,6,,,,,,,,,,
66,Toranosuke Takagi,39,1,1999,75.361,,,,,,,,,,,,,,,,,,,,Arrows,,,,,,,,,,,,,,,,,,,,1,,,,,,,,,,,,,,,,,,,,,,,,,,,,,,,,,,,,,,
67,Luca Badoer,41,2,1999,74.622,,,,,,105.197,,,,,,,,,,,,,,Minardi,,,,,,6,,,,,,,,,,,,,,1,,,,,,,,,,,,,,,,,,,,,,,,,,,,,,,,,,,,,,
68,Alessandro Zanardi,42,3,1999,74.381,,,,,,,,,,,,,,,,,,,,Williams,,,,,,,,,,,,,,,,,,,,16,,,,,,,,,,,,,,,,,,,,,,,,,,,,,,,,,,,,,,
69,Damon Hill,40,9,1997,72.903,,,,,,,,,,,,,,,,,,,,Jordan,,,,,,,,,,,,,,,,,,,,2943,,,,,,,,,,,,,,,,,,,,,,,,,,,,,,,,,,,,,,
70,Ricardo Rosset,27,1,1998,76.1,,,,,,,,,,,,,,,,,,,,Tyrrell,,,,,,,,,,,,,,,,,,,,1,,,,,,,,,,,,,,,,,,,,,,,,,,,,,,,,,,,,,,
71,Esteban Tuero,28,2,1998,75.769,,,,,,,,,,,,,,,,,,,,Minardi,,,,,,,,,,,,,,,,,,,,1,,,,,,,,,,,,,,,,,,,,,,,,,,,,,,,,,,,,,,
72,Shinji Nakano,26,3,1997,73.01,,,,,,,,,,,,,,,,,,,,Minardi,,,,,,,,,,,,,,,,,,,,19,,,,,,,,,,,,,,,,,,,,,,,,,,,,,,,,,,,,,,
73,Jan Magnussen,25,2,1997,72.605,,,,,,,,,,,,,,,,,,,,Stewart,,,,,,,,,,,,,,,,,,,,11,,,,,,,,,,,,,16,7,,,,,,,,,,,,,,,,,,,,,,,,
74,Gerhard Berger,34,4,1997,72.624,,,,,,,,,,,,,,,,,,,,Benetton,,,,,,,,,,,,,,,,,,,,3044,,,,,,,,,,,,,,,,,,,,,,,,,,,,,,,,,,,,,,
75,Nicola Larini,35,5,1997,78.73,,,,,,,,,,,,,,,,,,,,Sauber,,,,,,,,,,,,,,,,,,,,102,,,,,,,,,,,,,,,,,,,,,,,,,,,,,,,,,,,,,,
76,Ukyo Katayama,36,6,1997,74.394,,,,,,,,,,,,,,,,,,,,Minardi,,,,,,,,,,,,,,,,,,,,70,,,,,,,,,,,,,,,,,,,,,,,,,,,,,,,,,,,,,,
77,Gianni Morbidelli,37,7,1997,72.826,,,,,,,,,,,,,,,,,,,,Sauber,,,,,,,,,,,,,,,,,,,,39.5,,,,,,,,,,,,,,,,,,,,,,,,,,,,,,,,,,,,,,
78,Norberto Fontana,38,8,1997,79.849,,,,,,,,,,,,,,,,,,,,Sauber,,,,,,,,,,,,,,,,,,,,1,,,,,,,,,,,,,,,,,,,,,,,,,,,,,,,,,,,,,,
79,Pedro Lamy,29,1,1996,82.842,,,,,,,,,,,,,,,,,,,,Minardi,,,,,,,,,,,,,,,,,,,,2,,,,,,,,,,,,,,,,,,,,,,,,,,,,,,,,,,,,,,
80,Martin Brundle,30,2,1996,80.414,,,,,,,,,,,,,,,,,,,,Jordan,,,,,,,,,,,,,,,,,,,,669,,,,,,,,,,,,,,,,,,,,,,,,,,,,,,,,,,,,,,
81,Andrea Montermini,31,3,1996,84.621,,,,,,,,,,,,,,,,,,,,Forti,,,,,,,,,,,,,,,,,,,,1,,,,,,,,,,,,,,,,,,,,,,,,,,,,,,,,,,,,,,
82,Giovanni Lavaggi,32,4,1996,85.626,,,,,,,,,,,,,,,,,,,,Pacific,,,,,,,,,,,,,,,,,,,,1,,,,,,,,,,,,,,,,,,,,,,,,,,,,,,,,,,,,,,
83,Jaime Alguersuari,80,2,2009,74.861,,,,,,93.848,94.973,94.054,,,,,,,,,,,,Toro Rosso,,,,,,5,5,5,,,,,,,,,,,,250,,,,,,,,,,,,,,,,,,,,,,,14,26,19,5,,,,,,,,,,,,
84,Romain Grosjean,81,4,2020,68.047,,,,,,95.656,,,96.861,94.634,97.146,95.821,94.197,90.867,90.667,90.02,86.536,,,Renault,,,,,,4,,,208,208,208,208,210,210,210,210,210,,,4169,,,,,19,2,18,8,14,37,13,28,13,29,11,51,14,8,7,132,8,96,,,,,,,,,,,,,,,,
85,Kamui Kobayashi,82,3,2009,74.676,,,,,,,,,,,,,,,,,,,,Toyota,,,,,,7,15,15,15,,207,,,,,,,,,1273,,,,,,,,,,,,,,,,,,,,,12,60,12,30,12,32,18,3,,,,,,,,,,
86,Nico Hülkenberg,83,2,2017,69.043,,,,,,,95.957,,94.116,94.777,95.951,93.04,91.582,91.405,88.727,90.3,90.41,,90.41,Williams,,,,,,,3,,,15,10,10,10,4,4,4,211,,,5101,22,,,,15,10,14,37,7,69,10,43,9,72,10,58,9,96,10,51,11,63,,,14,22,,,,,,,,,,,,
87,Vitaly Petrov,85,2,2010,75.485,,,,,,,,,,,,,,,,,,,,Renault,,,,,,,4,4,207,,,,,,,,,,,758,,,,,,,,,,,,,,,,,,,,,19,0,10,37,13,27,,,,,,,,,,,,
88,Lucas di Grassi,86,3,2010,76.767,,,,,,,99.038,,,,,,,,,,,,,Virgin,,,,,,,166,,,,,,,,,,,,,1,,,,,,,,,,,,,,,,,,,,,,,,,,,,,,,,,,,,,,
89,Bruno Senna,84,1,2010,77.731,,,,,,,104.317,98.618,95.624,,,,,,,,,,,HRT,,,,,,,165,4,3,,,,,,,,,,,413,,,,,,,,,,,,,,,,,,,,,16,31,18,2,,,,,,,,,,,,,,
90,Karun Chandhok,87,4,2010,79.553,,,,,,,95.478,100.435,,,,,,,,,,,,HRT,,,,,,,165,208,,,,,,,,,,,,1,,,,,,,,,,,,,,,,,,,,,,,,,,,,,,,,,,,,,,
91,Pastor Maldonado,92,1,2015,71.785,,,,,,,,96.068,100.032,95.049,96.204,92.206,,,,,,,,Williams,,,,,,,,3,3,3,208,208,,,,,,,,777,,,,,,,,,,,,,,,14,27,16,2,18,1,15,45,19,1,,,,,,,,,,,,,,
92,Paul di Resta,90,1,2013,76.855,,,,,,,,95.148,94.716,95.398,,,,83.242,,,,,,Force India,,,,,,,,10,10,10,,,,,,,,,,1345,,,,,,,,,,,,,,,,,,,12,48,14,46,13,27,,,,,,,,,,,,,,
93,Sergio Pérez,88,5,2020,56.789,,,,,,,,96.737,94.518,94.459,94.925,94.309,93.564,90.58,90.039,90.256,84.817,85.032,86.732,Sauber,,,,,,,,15,,1,10,10,10,10,10,211,211,9,9,10208,3,305,4,190,4,125,10,52,8,62,7,100,7,101,9,78,10,59,11,49,10,66,16,14,,,,,,,,,,,,,,
94,Jérôme d'Ambrosio,91,1,2012,79.902,,,,,,,,98.741,88.677,,,,,,,,,,,Virgin,,,,,,,,166,208,,,,,,,,,,,1,,,,,,,,,,,,,,,,,,,,,,,,,,,,,,,,,,,,,,
95,Daniel Ricciardo,89,6,2020,56.979,,,,,,,,100.644,94.783,94.793,94.69,94.02,92.308,90.746,88.411,90.469,85.308,85.978,88.109,HRT,,,,,,,,165,5,5,9,9,9,9,9,4,4,1,1,13376,11,37,8,115,5,119,9,54,6,170,5,200,3,256,8,92,3,238,14,20,18,10,,,,,,,,,,,,,,,,
96,Jean-Éric Vergne,93,2,2014,73.317,,,,,,,,,95.043,95.14,95.668,,,,,,,,,Toro Rosso,,,,,,,,,5,5,5,,,,,,,,,533,,,,,,,,,,,,,,,,,13,22,15,13,17,16,,,,,,,,,,,,,,,,
97,Charles Pic,94,2,2013,78.434,,,,,,,,,97.145,96.385,,,,,,,,,,Marussia,,,,,,,,,209,207,,,,,,,,,,1,,,,,,,,,,,,,,,,,,,20,0,,,,,,,,,,,,,,,,,,
98,Max Chilton,97,4,2014,74.847,,,,,,,,,,96.294,98.243,,,,,,,,,Marussia,,,,,,,,,,209,209,,,,,,,,,1,,,,,,,,,,,,,,,,,,,,,,,,,,,,,,,,,,,,,,
99,Esteban Gutiérrez,95,2,2016,69.694,,,,,,,,,,94.939,96.341,,94.167,,,,,,,Sauber,,,,,,,,,,15,15,,210,,,,,,,31,,,,,,,,,,,,,,,,,20,0,16,6,,,,,,,,,,,,,,,,,,
100,Valtteri Bottas,113,11,2020,56.563,,,,,,,,,,94.652,94.832,96.586,93.825,89.506,88.398,87.653,84.403,85.385,87.822,Williams,,,,,,,,,,3,3,3,3,131,131,131,131,131,51,18985,10,49,3,226,2,223,2,326,5,247,3,305,8,85,5,136,4,186,17,4,,,,,,,,,,,,,,,,,,
101,Giedo van der Garde,98,3,2013,77.59,,,,,,,,,,96.63,,,,,,,,,,Caterham,,,,,,,,,,207,,,,,,,,,,1,,,,,,,,,,,,,,,,,,,,,,,,,,,,,,,,,,,,,,
102,Jules Bianchi,96,3,2014,74.476,,,,,,,,,,96.051,97.844,,,,,,,,,Marussia,,,,,,,,,,209,209,,,,,,,,,29,,,,,,,,,,,,,,,,,17,2,19,0,,,,,,,,,,,,,,,,,,
103,Kevin Magnussen,99,7,2020,57.516,,,,,,,,,,,95.207,,94.989,92.222,89.411,89.724,89.278,,89.286,McLaren,,,,,,,,,,,1,,4,210,210,210,,,210,2255,13,25,,,20,1,16,20,9,56,14,19,,,,,11,55,,,,,,,,,,,,,,,,,,,,
104,Daniil Kvyat,100,8,2020,57.001,,,,,,,,,,,95.561,93.808,95.276,93.205,,89.465,86.122,,,Toro Rosso,,,,,,,,,,,5,9,5,5,,5,213,,,2076,,,,,14,32,13,37,,,19,5,14,29,7,95,15,8,,,,,,,,,,,,,,,,,,,,
105,André Lotterer,102,5,2014,129.985,,,,,,,,,,,,,,,,,,,,Caterham,,,,,,,,,,,,,,,,,,,,1,,,,,,,,,,,,,,,,,,,,,,,,,,,,,,,,,,,,,,
106,Marcus Ericsson,101,1,2018,68.216,,,,,,,,,,,100.363,94.326,96.807,92.21,90.736,,,,,Caterham,,,,,,,,,,,207,15,15,15,15,,,,,223,,,,,,,,,17,9,20,0,,,18,9,19,0,,,,,,,,,,,,,,,,,,,,
107,Will Stevens,103,2,2015,79.098,,,,,,,,,,,108.398,97.43,,,,,,,,Caterham,,,,,,,,,,,207,209,,,,,,,,1,,,,,,,,,,,,,,,,,,,,,,,,,,,,,,,,,,,,,,
108,Max Verstappen,114,12,2020,66.145,,,,,,,,,,,,96.446,93.145,90.792,88.222,87.552,86.729,84.063,86.257,Toro Rosso,,,,,,,,,,,,5,9,9,9,9,9,9,9,17223.5,1,454,1,395.5,3,214,3,278,4,249,6,168,5,204,12,49,,,,,,,,,,,,,,,,,,,,,,
109,Felipe Nasr,105,3,2016,70.415,,,,,,,,,,,,94.357,94.649,,,,,,,Sauber,,,,,,,,,,,,15,15,,,,,,,346,,,,,,,,,,,,,17,2,13,27,,,,,,,,,,,,,,,,,,,,,,
110,Carlos Sainz,106,9,2020,57.165,,,,,,,,,,,,95.41,92.761,91.829,89.947,88.654,86.275,85.543,87.619,Toro Rosso,,,,,,,,,,,,5,5,4,4,1,1,6,6,6490.5,5,246,5,164.5,6,105,6,96,10,53,9,54,`12,46,15,18,,,,,,,,,,,,,,,,,,,,,,
111,Roberto Merhi,104,3,2015,74.939,,,,,,,,,,,,97.434,,,,,,,,Manor Marussia,,,,,,,,,,,,209,,,,,,,,1,,,,,,,,,,,,,,,19,0,,,,,,,,,,,,,,,,,,,,,,
112,Alexander Rossi,107,4,2015,78.617,,,,,,,,,,,,97.715,,,,,,,,Manor Marussia,,,,,,,,,,,,,,,,,,,,1,,,,,,,,,,,,,,,20,0,,,,,,,,,,,,,,,,,,,,,,
113,Jolyon Palmer,110,4,2017,68.652,,,,,,,,,,,,,96.674,91.36,,,,,,Renault,,,,,,,,,,,,,4,4,,,,,,63,,,,,,,,,,,17,5,18,1,,,,,,,,,,,,,,,,,,,,,,,,
114,Pascal Wehrlein,111,5,2017,69.241,,,,,,,,,,,,,97.723,91.083,,,,,,Manor Marussia,,,,,,,,,,,,,209,15,,,,,,91,,,,,,,,,,,18,8,19,1,,,,,,,,,,,,,,,,,,,,,,,,
115,Rio Haryanto,112,4,2016,70.342,,,,,,,,,,,,,90.29,,,,,,,Manor Marussia,,,,,,,,,,,,,209,,,,,,,1,,,,,,,,,,,,,,,,,,,,,,,,,,,,,,,,,,,,,,
116,Stoffel Vandoorne,108,3,2017,68.422,,,,,,,,,,,,,90.232,92.26,90.232,,,,,McLaren,,,,,,,,,,,,,1,1,1,,,,,279,,,,,,,,,16,12,16,13,20,1,,,,,,,,,,,,,,,,,,,,,,,,
117,Esteban Ocon,109,10,2020,57.35,,,,,,,,,,,,,99.882,91.953,87.211,,89.062,87.419,87.89,Manor Marussia,,,,,,,,,,,,,209,10,10,,,214,214,3025,8,92,11,74,12,62,,,12,49,8,87,,,,,,,,,,,,,,,,,,,,,,,,,,
118,Lance Stroll,116,14,2020,57.388,,,,,,,,,,,,,,90.702,90.971,89.664,83.917,86.405,88.023,Williams,,,,,,,,,,,,,,3,3,211,211,117,117,1894,15,18,13,34,11,75,15,21,18,6,12,40,,,,,,,,,,,,,,,,,,,,,,,,,,
119,Antonio Giovinazzi,115,13,2020,56.887,,,,,,,,,,,,,,,89.052,89.872,89.885,86.326,,Sauber,,,,,,,,,,,,,,15,,51,51,51,,125,,,18,3,17,4,17,14,,,22,0,,,,,,,,,,,,,,,,,,,,,,,,,,
120,Pierre Gasly,117,15,2020,57.22,,,,,,,,,,,,,,89.946,90.763,89.263,86.081,86.467,88.237,Toro Rosso,,,,,,,,,,,,,,5,5,5,213,213,213,3441,14,23,9,110,10,75,7,95,15,29,21,0,,,,,,,,,,,,,,,,,,,,,,,,,,
121,Brendon Hartley,118,2,2018,69.171,,,,,,,,,,,,,,90.276,91.327,,,,,Toro Rosso,,,,,,,,,,,,,,5,5,,,,,38,,,,,,,,,19,4,23,0,,,,,,,,,,,,,,,,,,,,,,,,,,
122,Charles Leclerc,119,2,2021,67.583,,,,,,,,,,,,,,,89.527,88.596,89.211,86.189,86.293,Sauber,,,,,,,,,,,,,,,15,6,6,6,6,7485,2,308,7,159,8,98,4,264,13,39,,,,,,,,,,,,,,,,,,,,,,,,,,,,
123,Sergey Sirotkin,120,3,2018,68.971,,,,,,,,,,,,,,,89.855,,,,,Williams,,,,,,,,,,,,,,,3,,,,,9,,,,,,,,,20,1,,,,,,,,,,,,,,,,,,,,,,,,,,,,
124,Lando Norris,121,16,2020,57.27,,,,,,,,,,,,,,,,90.286,85.206,85.497,87.318,McLaren,,,,,,,,,,,,,,,,1,1,1,1,4280,7,122,6,160,9,97,11,49,,,,,,,,,,,,,,,,,,,,,,,,,,,,,,
125,George Russell,123,18,2020,55.404,,,,,,,,,,,,,,,,90.589,86.274,86.967,86.519,Williams,,,,,,,,,,,,,,,,3,3,3,131,1267,4,275,15,16,18,3,20,,,,,,,,,,,,,,,,,,,,,,,,,,,,,,,
126,Alexander Albon,122,17,2020,57.056,,,,,,,,,,,,,,,,89.192,85.122,,87.804,Toro Rosso,,,,,,,,,,,,,,,,9,9,,3,1563,19,4,,,7,105,8,92,,,,,,,,,,,,,,,,,,,,,,,,,,,,,,
127,Nicholas Latifi,124,19,2020,58.206,,,,,,,,,,,,,,,,,89.315,87.063,88.879,Williams,,,,,,,,,,,,,,,,,3,3,3,84,20,2,17,7,,,,,,,,,,,,,,,,,,,,,,,,,,,,,,,,,,
128,Pietro Fittipaldi,126,21,2020,57.742,,,,,,,,,,,,,,,,,,,,Haas F1 Team,,,,,,,,,,,,,,,,,210,,,1,,,,,,,,,,,,,,,,,,,,,,,,,,,,,,,,,,,,,,
129,Jack Aitken,125,20,2020,57.392,,,,,,,,,,,,,,,,,,,,Williams,,,,,,,,,,,,,,,,,3,,,1,,,,,,,,,,,,,,,,,,,,,,,,,,,,,,,,,,,,,,
130,Yuki Tsunoda,127,3,2021,68.455,,,,,,,,,,,,,,,,,,86.332,87.469,AlphaTauri,,,,,,,,,,,,,,,,,,213,213,415,17,12,14,32,,,,,,,,,,,,,,,,,,,,,,,,,,,,,,,,,,
131,Stefano Modena,129,5,2021,69.757,,,,,,,,,,,,,,,,,,,,Haas F1 Team,,,,,,,,,,,,,,,,,,,,1,,,,,,,,,,,,,,,,,,,,,,,,,,,,,,,,,,,,,,
132,Mick Schumacher,128,4,2021,69.394,,,,,,,,,,,,,,,,,,87.24,87.92,Haas F1 Team,,,,,,,,,131,,,,,,,,,210,210,41,16,12,19,0,,,,,,,,,,,,,,,,,,,,,,,,,,,,,,,,,,
133,Guanyu Zhou,133,6,2021,69.38,,,,,,,,,,,,,,,,,,,87.767,Alfa Romeo,,,,,,,,,,,,,,,,,,,51,34,18,6,,,,,,,,,,,,,,,,,,,,,,,,,,,,,,,,,,,,
134,Nikita Mazepin,134,21,2021,70,,,,,,,,,,,,,,,,,,87.204,,Haas F1 Team,,,,,,,,,,,,,,,,,,210,,0,,,20,0,,,,,,,,,,,,,,,,,,,,,,,,,,,,,,,,,,